﻿{"cameraMode":{"drawMode":0,"name":"Shaded","section":"Shading Mode"},"sceneLighting":true,"audioPlay":false,"sceneViewState":{"showFog":true,"showMaterialUpdate":true,"showSkybox":true,"showFlares":true,"showImageEffects":true,"showParticleSystems":true},"in2DMode":false,"pivot":{"x":-1.123567819595337,"y":0.9687042236328125,"z":22.271629333496095},"rotation":{"x":0.011904158629477024,"y":0.8526653051376343,"z":-0.5219642519950867,"w":0.01944436877965927},"size":53.595394134521487,"orthographic":false}