﻿{"cameraMode":{"drawMode":2,"name":"Shaded Wireframe","section":"Shading Mode"},"sceneLighting":false,"audioPlay":false,"sceneViewState":{"showFog":true,"showMaterialUpdate":true,"showSkybox":true,"showFlares":true,"showImageEffects":true,"showParticleSystems":true},"in2DMode":false,"pivot":{"x":-0.11385130882263184,"y":-0.009721994400024414,"z":0.055590152740478519},"rotation":{"x":-0.07221046835184097,"y":0.9141086339950562,"z":-0.352247953414917,"w":-0.18739287555217744},"size":27.619415283203126,"orthographic":false}