﻿{"cameraMode":{"drawMode":2,"name":"Shaded Wireframe","section":"Shading Mode"},"sceneLighting":true,"audioPlay":false,"sceneViewState":{"showFog":true,"showMaterialUpdate":true,"showSkybox":true,"showFlares":true,"showImageEffects":true,"showParticleSystems":true},"in2DMode":false,"pivot":{"x":48.31533432006836,"y":11.515711784362793,"z":16.420421600341798},"rotation":{"x":-0.040465984493494037,"y":0.7962109446525574,"z":-0.6012850403785706,"w":-0.0535859651863575},"size":33.43475341796875,"orthographic":false}