﻿{"cameraMode":{"drawMode":2,"name":"Shaded Wireframe","section":"Shading Mode"},"sceneLighting":false,"audioPlay":false,"sceneViewState":{"showFog":true,"showMaterialUpdate":true,"showSkybox":true,"showFlares":true,"showImageEffects":true,"showParticleSystems":true},"in2DMode":false,"pivot":{"x":-0.4797539710998535,"y":0.2552773952484131,"z":-0.686538815498352},"rotation":{"x":0.4907696545124054,"y":-0.008623674511909485,"z":0.004858091007918119,"w":0.8712342381477356},"size":3.1654889583587648,"orthographic":false}