﻿{"cameraMode":{"drawMode":0,"name":"Shaded","section":"Shading Mode"},"sceneLighting":true,"audioPlay":false,"sceneViewState":{"showFog":true,"showMaterialUpdate":true,"showSkybox":true,"showFlares":true,"showImageEffects":true,"showParticleSystems":true},"in2DMode":false,"pivot":{"x":39.071250915527347,"y":-6.673694610595703,"z":25.81903076171875},"rotation":{"x":-0.5105293989181519,"y":0.005672200582921505,"z":-0.0033684452064335348,"w":-0.8598393201828003},"size":65.18260955810547,"orthographic":false}